pu_quantile_floor,cards,pu_score_cutoff,avg_calibrated_score,median_calibrated_score,share_above_validation_threshold,share_segment_a_threshold,avg_tx_count,avg_total_spend,avg_b2b_ratio,avg_unique_merchants
0.8,16000,2.2572862711599465e-05,0.14369334389055377,0.0,0.143875,0.1435,99.411625,11771436.690375,0.2663729622675063,24.3061875
0.9,8000,2.4310750233353546e-05,0.2677817036959897,0.0,0.268125,0.2675,89.992375,13557638.32275,0.3452517609570242,20.68
0.95,4000,3.1442349552074136e-05,0.390057571767637,0.0,0.39025,0.39,80.527,13735986.444,0.3795032757577107,18.94575
